PassengerId,Survived,Pclass,Age,Fare,C,S,Q,Family_Size,Age_Category,Fare_Category
1,0,3,22.0,7.25,0.0,0.0,1.0,1,Adult,0
2,1,1,38.0,71.2833,1.0,0.0,0.0,1,Adult,4
3,1,3,26.0,7.925,0.0,0.0,1.0,0,Adult,1
4,1,1,35.0,53.1,0.0,0.0,1.0,1,Adult,4
5,0,3,35.0,8.05,0.0,0.0,1.0,0,Adult,1
6,0,3,29.69911764705882,8.4583,0.0,1.0,0.0,0,Adult,1
7,0,1,54.0,51.8625,0.0,0.0,1.0,0,Adult,4
8,0,3,2.0,21.075,0.0,0.0,1.0,4,Child,2
9,1,3,27.0,11.1333,0.0,0.0,1.0,2,Adult,2
10,1,2,14.0,30.0708,1.0,0.0,0.0,1,Teenager,3
11,1,3,4.0,16.7,0.0,0.0,1.0,2,Child,2
12,1,1,58.0,26.55,0.0,0.0,1.0,0,Adult,3
13,0,3,20.0,8.05,0.0,0.0,1.0,0,Adult,1
14,0,3,39.0,31.275,0.0,0.0,1.0,6,Adult,3
15,0,3,14.0,7.8542,0.0,0.0,1.0,0,Teenager,0
16,1,2,55.0,16.0,0.0,0.0,1.0,0,Adult,2
17,0,3,2.0,29.125,0.0,1.0,0.0,5,Child,3
18,1,2,29.69911764705882,13.0,0.0,0.0,1.0,0,Adult,2
19,0,3,31.0,18.0,0.0,0.0,1.0,1,Adult,2
20,1,3,29.69911764705882,7.225,1.0,0.0,0.0,0,Adult,0
21,0,2,35.0,26.0,0.0,0.0,1.0,0,Adult,3
22,1,2,34.0,13.0,0.0,0.0,1.0,0,Adult,2
23,1,3,15.0,8.0292,0.0,1.0,0.0,0,Teenager,1
24,1,1,28.0,35.5,0.0,0.0,1.0,0,Adult,3
25,0,3,8.0,21.075,0.0,0.0,1.0,4,Child,2
26,1,3,38.0,31.3875,0.0,0.0,1.0,6,Adult,3
27,0,3,29.69911764705882,7.225,1.0,0.0,0.0,0,Adult,0
28,0,1,19.0,263.0,0.0,0.0,1.0,5,Adult,4
29,1,3,29.69911764705882,7.8792,0.0,1.0,0.0,0,Adult,1
30,0,3,29.69911764705882,7.8958,0.0,0.0,1.0,0,Adult,1
31,0,1,40.0,27.7208,1.0,0.0,0.0,0,Adult,3
32,1,1,29.69911764705882,146.5208,1.0,0.0,0.0,1,Adult,4
33,1,3,29.69911764705882,7.75,0.0,1.0,0.0,0,Adult,0
34,0,2,66.0,10.5,0.0,0.0,1.0,0,Elderly,1
35,0,1,28.0,82.1708,1.0,0.0,0.0,1,Adult,4
36,0,1,42.0,52.0,0.0,0.0,1.0,1,Adult,4
37,1,3,29.69911764705882,7.2292,1.0,0.0,0.0,0,Adult,0
38,0,3,21.0,8.05,0.0,0.0,1.0,0,Adult,1
39,0,3,18.0,18.0,0.0,0.0,1.0,2,Teenager,2
40,1,3,14.0,11.2417,1.0,0.0,0.0,1,Teenager,2
41,0,3,40.0,9.475,0.0,0.0,1.0,1,Adult,1
42,0,2,27.0,21.0,0.0,0.0,1.0,1,Adult,2
43,0,3,29.69911764705882,7.8958,1.0,0.0,0.0,0,Adult,1
44,1,2,3.0,41.5792,1.0,0.0,0.0,3,Child,4
45,1,3,19.0,7.8792,0.0,1.0,0.0,0,Adult,1
46,0,3,29.69911764705882,8.05,0.0,0.0,1.0,0,Adult,1
47,0,3,29.69911764705882,15.5,0.0,1.0,0.0,1,Adult,2
48,1,3,29.69911764705882,7.75,0.0,1.0,0.0,0,Adult,0
49,0,3,29.69911764705882,21.6792,1.0,0.0,0.0,2,Adult,2
50,0,3,18.0,17.8,0.0,0.0,1.0,1,Teenager,2
51,0,3,7.0,39.6875,0.0,0.0,1.0,5,Child,3
52,0,3,21.0,7.8,0.0,0.0,1.0,0,Adult,0
53,1,1,49.0,76.7292,1.0,0.0,0.0,1,Adult,4
54,1,2,29.0,26.0,0.0,0.0,1.0,1,Adult,3
55,0,1,65.0,61.9792,1.0,0.0,0.0,1,Elderly,4
56,1,1,29.69911764705882,35.5,0.0,0.0,1.0,0,Adult,3
57,1,2,21.0,10.5,0.0,0.0,1.0,0,Adult,1
58,0,3,28.5,7.2292,1.0,0.0,0.0,0,Adult,0
59,1,2,5.0,27.75,0.0,0.0,1.0,3,Child,3
60,0,3,11.0,46.9,0.0,0.0,1.0,7,Child,4
61,0,3,22.0,7.2292,1.0,0.0,0.0,0,Adult,0
62,1,1,38.0,80.0,0.0,0.0,0.0,0,Adult,4
63,0,1,45.0,83.475,0.0,0.0,1.0,1,Adult,4
64,0,3,4.0,27.9,0.0,0.0,1.0,5,Child,3
65,0,1,29.69911764705882,27.7208,1.0,0.0,0.0,0,Adult,3
66,1,3,29.69911764705882,15.2458,1.0,0.0,0.0,2,Adult,2
67,1,2,29.0,10.5,0.0,0.0,1.0,0,Adult,1
68,0,3,19.0,8.1583,0.0,0.0,1.0,0,Adult,1
69,1,3,17.0,7.925,0.0,0.0,1.0,6,Teenager,1
70,0,3,26.0,8.6625,0.0,0.0,1.0,2,Adult,1
71,0,2,32.0,10.5,0.0,0.0,1.0,0,Adult,1
72,0,3,16.0,46.9,0.0,0.0,1.0,7,Teenager,4
73,0,2,21.0,73.5,0.0,0.0,1.0,0,Adult,4
74,0,3,26.0,14.4542,1.0,0.0,0.0,1,Adult,2
75,1,3,32.0,56.4958,0.0,0.0,1.0,0,Adult,4
76,0,3,25.0,7.65,0.0,0.0,1.0,0,Adult,0
77,0,3,29.69911764705882,7.8958,0.0,0.0,1.0,0,Adult,1
78,0,3,29.69911764705882,8.05,0.0,0.0,1.0,0,Adult,1
79,1,2,0.83,29.0,0.0,0.0,1.0,2,Child,3
80,1,3,30.0,12.475,0.0,0.0,1.0,0,Adult,2
81,0,3,22.0,9.0,0.0,0.0,1.0,0,Adult,1
82,1,3,29.0,9.5,0.0,0.0,1.0,0,Adult,1
83,1,3,29.69911764705882,7.7875,0.0,1.0,0.0,0,Adult,0
84,0,1,28.0,47.1,0.0,0.0,1.0,0,Adult,4
85,1,2,17.0,10.5,0.0,0.0,1.0,0,Teenager,1
86,1,3,33.0,15.85,0.0,0.0,1.0,3,Adult,2
87,0,3,16.0,34.375,0.0,0.0,1.0,4,Teenager,3
88,0,3,29.69911764705882,8.05,0.0,0.0,1.0,0,Adult,1
89,1,1,23.0,263.0,0.0,0.0,1.0,5,Adult,4
90,0,3,24.0,8.05,0.0,0.0,1.0,0,Adult,1
91,0,3,29.0,8.05,0.0,0.0,1.0,0,Adult,1
92,0,3,20.0,7.8542,0.0,0.0,1.0,0,Adult,0
93,0,1,46.0,61.175,0.0,0.0,1.0,1,Adult,4
94,0,3,26.0,20.575,0.0,0.0,1.0,3,Adult,2
95,0,3,59.0,7.25,0.0,0.0,1.0,0,Adult,0
96,0,3,29.69911764705882,8.05,0.0,0.0,1.0,0,Adult,1
97,0,1,71.0,34.6542,1.0,0.0,0.0,0,Elderly,3
98,1,1,23.0,63.3583,1.0,0.0,0.0,1,Adult,4
99,1,2,34.0,23.0,0.0,0.0,1.0,1,Adult,3
100,0,2,34.0,26.0,0.0,0.0,1.0,1,Adult,3
101,0,3,28.0,7.8958,0.0,0.0,1.0,0,Adult,1
102,0,3,29.69911764705882,7.8958,0.0,0.0,1.0,0,Adult,1
103,0,1,21.0,77.2875,0.0,0.0,1.0,1,Adult,4
104,0,3,33.0,8.6542,0.0,0.0,1.0,0,Adult,1
105,0,3,37.0,7.925,0.0,0.0,1.0,2,Adult,1
106,0,3,28.0,7.8958,0.0,0.0,1.0,0,Adult,1
107,1,3,21.0,7.65,0.0,0.0,1.0,0,Adult,0
108,1,3,29.69911764705882,7.775,0.0,0.0,1.0,0,Adult,0
109,0,3,38.0,7.8958,0.0,0.0,1.0,0,Adult,1
110,1,3,29.69911764705882,24.15,0.0,1.0,0.0,1,Adult,3
111,0,1,47.0,52.0,0.0,0.0,1.0,0,Adult,4
112,0,3,14.5,14.4542,1.0,0.0,0.0,1,Teenager,2
113,0,3,22.0,8.05,0.0,0.0,1.0,0,Adult,1
114,0,3,20.0,9.825,0.0,0.0,1.0,1,Adult,1
115,0,3,17.0,14.4583,1.0,0.0,0.0,0,Teenager,2
116,0,3,21.0,7.925,0.0,0.0,1.0,0,Adult,1
117,0,3,70.5,7.75,0.0,1.0,0.0,0,Elderly,0
118,0,2,29.0,21.0,0.0,0.0,1.0,1,Adult,2
119,0,1,24.0,247.5208,1.0,0.0,0.0,1,Adult,4
120,0,3,2.0,31.275,0.0,0.0,1.0,6,Child,3
121,0,2,21.0,73.5,0.0,0.0,1.0,2,Adult,4
122,0,3,29.69911764705882,8.05,0.0,0.0,1.0,0,Adult,1
123,0,2,32.5,30.0708,1.0,0.0,0.0,1,Adult,3
124,1,2,32.5,13.0,0.0,0.0,1.0,0,Adult,2
125,0,1,54.0,77.2875,0.0,0.0,1.0,1,Adult,4
126,1,3,12.0,11.2417,1.0,0.0,0.0,1,Child,2
127,0,3,29.69911764705882,7.75,0.0,1.0,0.0,0,Adult,0
128,1,3,24.0,7.1417,0.0,0.0,1.0,0,Adult,0
129,1,3,29.69911764705882,22.3583,1.0,0.0,0.0,2,Adult,3
130,0,3,45.0,6.975,0.0,0.0,1.0,0,Adult,0
131,0,3,33.0,7.8958,1.0,0.0,0.0,0,Adult,1
132,0,3,20.0,7.05,0.0,0.0,1.0,0,Adult,0
133,0,3,47.0,14.5,0.0,0.0,1.0,1,Adult,2
134,1,2,29.0,26.0,0.0,0.0,1.0,1,Adult,3
135,0,2,25.0,13.0,0.0,0.0,1.0,0,Adult,2
136,0,2,23.0,15.0458,1.0,0.0,0.0,0,Adult,2
137,1,1,19.0,26.2833,0.0,0.0,1.0,2,Adult,3
138,0,1,37.0,53.1,0.0,0.0,1.0,1,Adult,4
139,0,3,16.0,9.2167,0.0,0.0,1.0,0,Teenager,1
140,0,1,24.0,79.2,1.0,0.0,0.0,0,Adult,4
141,0,3,29.69911764705882,15.2458,1.0,0.0,0.0,2,Adult,2
142,1,3,22.0,7.75,0.0,0.0,1.0,0,Adult,0
143,1,3,24.0,15.85,0.0,0.0,1.0,1,Adult,2
144,0,3,19.0,6.75,0.0,1.0,0.0,0,Adult,0
145,0,2,18.0,11.5,0.0,0.0,1.0,0,Teenager,2
146,0,2,19.0,36.75,0.0,0.0,1.0,2,Adult,3
147,1,3,27.0,7.7958,0.0,0.0,1.0,0,Adult,0
148,0,3,9.0,34.375,0.0,0.0,1.0,4,Child,3
149,0,2,36.5,26.0,0.0,0.0,1.0,2,Adult,3
150,0,2,42.0,13.0,0.0,0.0,1.0,0,Adult,2
151,0,2,51.0,12.525,0.0,0.0,1.0,0,Adult,2
152,1,1,22.0,66.6,0.0,0.0,1.0,1,Adult,4
153,0,3,55.5,8.05,0.0,0.0,1.0,0,Adult,1
154,0,3,40.5,14.5,0.0,0.0,1.0,2,Adult,2
155,0,3,29.69911764705882,7.3125,0.0,0.0,1.0,0,Adult,0
156,0,1,51.0,61.3792,1.0,0.0,0.0,1,Adult,4
157,1,3,16.0,7.7333,0.0,1.0,0.0,0,Teenager,0
158,0,3,30.0,8.05,0.0,0.0,1.0,0,Adult,1
159,0,3,29.69911764705882,8.6625,0.0,0.0,1.0,0,Adult,1
160,0,3,29.69911764705882,69.55,0.0,0.0,1.0,10,Adult,4
161,0,3,44.0,16.1,0.0,0.0,1.0,1,Adult,2
162,1,2,40.0,15.75,0.0,0.0,1.0,0,Adult,2
163,0,3,26.0,7.775,0.0,0.0,1.0,0,Adult,0
164,0,3,17.0,8.6625,0.0,0.0,1.0,0,Teenager,1
165,0,3,1.0,39.6875,0.0,0.0,1.0,5,Child,3
166,1,3,9.0,20.525,0.0,0.0,1.0,2,Child,2
167,1,1,29.69911764705882,55.0,0.0,0.0,1.0,1,Adult,4
168,0,3,45.0,27.9,0.0,0.0,1.0,5,Adult,3
169,0,1,29.69911764705882,25.925,0.0,0.0,1.0,0,Adult,3
170,0,3,28.0,56.4958,0.0,0.0,1.0,0,Adult,4
171,0,1,61.0,33.5,0.0,0.0,1.0,0,Elderly,3
172,0,3,4.0,29.125,0.0,1.0,0.0,5,Child,3
173,1,3,1.0,11.1333,0.0,0.0,1.0,2,Child,2
174,0,3,21.0,7.925,0.0,0.0,1.0,0,Adult,1
175,0,1,56.0,30.6958,1.0,0.0,0.0,0,Adult,3
176,0,3,18.0,7.8542,0.0,0.0,1.0,2,Teenager,0
177,0,3,29.69911764705882,25.4667,0.0,0.0,1.0,4,Adult,3
178,0,1,50.0,28.7125,1.0,0.0,0.0,0,Adult,3
179,0,2,30.0,13.0,0.0,0.0,1.0,0,Adult,2
180,0,3,36.0,0.0,0.0,0.0,1.0,0,Adult,0
181,0,3,29.69911764705882,69.55,0.0,0.0,1.0,10,Adult,4
182,0,2,29.69911764705882,15.05,1.0,0.0,0.0,0,Adult,2
183,0,3,9.0,31.3875,0.0,0.0,1.0,6,Child,3
184,1,2,1.0,39.0,0.0,0.0,1.0,3,Child,3
185,1,3,4.0,22.025,0.0,0.0,1.0,2,Child,3
186,0,1,29.69911764705882,50.0,0.0,0.0,1.0,0,Adult,4
187,1,3,29.69911764705882,15.5,0.0,1.0,0.0,1,Adult,2
188,1,1,45.0,26.55,0.0,0.0,1.0,0,Adult,3
189,0,3,40.0,15.5,0.0,1.0,0.0,2,Adult,2
190,0,3,36.0,7.8958,0.0,0.0,1.0,0,Adult,1
191,1,2,32.0,13.0,0.0,0.0,1.0,0,Adult,2
192,0,2,19.0,13.0,0.0,0.0,1.0,0,Adult,2
193,1,3,19.0,7.8542,0.0,0.0,1.0,1,Adult,0
194,1,2,3.0,26.0,0.0,0.0,1.0,2,Child,3
195,1,1,44.0,27.7208,1.0,0.0,0.0,0,Adult,3
196,1,1,58.0,146.5208,1.0,0.0,0.0,0,Adult,4
197,0,3,29.69911764705882,7.75,0.0,1.0,0.0,0,Adult,0
198,0,3,42.0,8.4042,0.0,0.0,1.0,1,Adult,1
199,1,3,29.69911764705882,7.75,0.0,1.0,0.0,0,Adult,0
200,0,2,24.0,13.0,0.0,0.0,1.0,0,Adult,2
201,0,3,28.0,9.5,0.0,0.0,1.0,0,Adult,1
202,0,3,29.69911764705882,69.55,0.0,0.0,1.0,10,Adult,4
203,0,3,34.0,6.4958,0.0,0.0,1.0,0,Adult,0
204,0,3,45.5,7.225,1.0,0.0,0.0,0,Adult,0
205,1,3,18.0,8.05,0.0,0.0,1.0,0,Teenager,1
206,0,3,2.0,10.4625,0.0,0.0,1.0,1,Child,1
207,0,3,32.0,15.85,0.0,0.0,1.0,1,Adult,2
208,1,3,26.0,18.7875,1.0,0.0,0.0,0,Adult,2
209,1,3,16.0,7.75,0.0,1.0,0.0,0,Teenager,0
210,1,1,40.0,31.0,1.0,0.0,0.0,0,Adult,3
211,0,3,24.0,7.05,0.0,0.0,1.0,0,Adult,0
212,1,2,35.0,21.0,0.0,0.0,1.0,0,Adult,2
213,0,3,22.0,7.25,0.0,0.0,1.0,0,Adult,0
214,0,2,30.0,13.0,0.0,0.0,1.0,0,Adult,2
215,0,3,29.69911764705882,7.75,0.0,1.0,0.0,1,Adult,0
216,1,1,31.0,113.275,1.0,0.0,0.0,1,Adult,4
217,1,3,27.0,7.925,0.0,0.0,1.0,0,Adult,1
218,0,2,42.0,27.0,0.0,0.0,1.0,1,Adult,3
219,1,1,32.0,76.2917,1.0,0.0,0.0,0,Adult,4
220,0,2,30.0,10.5,0.0,0.0,1.0,0,Adult,1
221,1,3,16.0,8.05,0.0,0.0,1.0,0,Teenager,1
222,0,2,27.0,13.0,0.0,0.0,1.0,0,Adult,2
223,0,3,51.0,8.05,0.0,0.0,1.0,0,Adult,1
224,0,3,29.69911764705882,7.8958,0.0,0.0,1.0,0,Adult,1
225,1,1,38.0,90.0,0.0,0.0,1.0,1,Adult,4
226,0,3,22.0,9.35,0.0,0.0,1.0,0,Adult,1
227,1,2,19.0,10.5,0.0,0.0,1.0,0,Adult,1
228,0,3,20.5,7.25,0.0,0.0,1.0,0,Adult,0
229,0,2,18.0,13.0,0.0,0.0,1.0,0,Teenager,2
230,0,3,29.69911764705882,25.4667,0.0,0.0,1.0,4,Adult,3
231,1,1,35.0,83.475,0.0,0.0,1.0,1,Adult,4
232,0,3,29.0,7.775,0.0,0.0,1.0,0,Adult,0
233,0,2,59.0,13.5,0.0,0.0,1.0,0,Adult,2
234,1,3,5.0,31.3875,0.0,0.0,1.0,6,Child,3
235,0,2,24.0,10.5,0.0,0.0,1.0,0,Adult,1
236,0,3,29.69911764705882,7.55,0.0,0.0,1.0,0,Adult,0
237,0,2,44.0,26.0,0.0,0.0,1.0,1,Adult,3
238,1,2,8.0,26.25,0.0,0.0,1.0,2,Child,3
239,0,2,19.0,10.5,0.0,0.0,1.0,0,Adult,1
240,0,2,33.0,12.275,0.0,0.0,1.0,0,Adult,2
241,0,3,29.69911764705882,14.4542,1.0,0.0,0.0,1,Adult,2
242,1,3,29.69911764705882,15.5,0.0,1.0,0.0,1,Adult,2
243,0,2,29.0,10.5,0.0,0.0,1.0,0,Adult,1
244,0,3,22.0,7.125,0.0,0.0,1.0,0,Adult,0
245,0,3,30.0,7.225,1.0,0.0,0.0,0,Adult,0
246,0,1,44.0,90.0,0.0,1.0,0.0,2,Adult,4
247,0,3,25.0,7.775,0.0,0.0,1.0,0,Adult,0
248,1,2,24.0,14.5,0.0,0.0,1.0,2,Adult,2
249,1,1,37.0,52.5542,0.0,0.0,1.0,2,Adult,4
250,0,2,54.0,26.0,0.0,0.0,1.0,1,Adult,3
251,0,3,29.69911764705882,7.25,0.0,0.0,1.0,0,Adult,0
252,0,3,29.0,10.4625,0.0,0.0,1.0,2,Adult,1
253,0,1,62.0,26.55,0.0,0.0,1.0,0,Elderly,3
254,0,3,30.0,16.1,0.0,0.0,1.0,1,Adult,2
255,0,3,41.0,20.2125,0.0,0.0,1.0,2,Adult,2
256,1,3,29.0,15.2458,1.0,0.0,0.0,2,Adult,2
257,1,1,29.69911764705882,79.2,1.0,0.0,0.0,0,Adult,4
258,1,1,30.0,86.5,0.0,0.0,1.0,0,Adult,4
259,1,1,35.0,512.3292,1.0,0.0,0.0,0,Adult,4
260,1,2,50.0,26.0,0.0,0.0,1.0,1,Adult,3
261,0,3,29.69911764705882,7.75,0.0,1.0,0.0,0,Adult,0
262,1,3,3.0,31.3875,0.0,0.0,1.0,6,Child,3
263,0,1,52.0,79.65,0.0,0.0,1.0,2,Adult,4
264,0,1,40.0,0.0,0.0,0.0,1.0,0,Adult,0
265,0,3,29.69911764705882,7.75,0.0,1.0,0.0,0,Adult,0
266,0,2,36.0,10.5,0.0,0.0,1.0,0,Adult,1
267,0,3,16.0,39.6875,0.0,0.0,1.0,5,Teenager,3
268,1,3,25.0,7.775,0.0,0.0,1.0,1,Adult,0
269,1,1,58.0,153.4625,0.0,0.0,1.0,1,Adult,4
270,1,1,35.0,135.6333,0.0,0.0,1.0,0,Adult,4
271,0,1,29.69911764705882,31.0,0.0,0.0,1.0,0,Adult,3
272,1,3,25.0,0.0,0.0,0.0,1.0,0,Adult,0
273,1,2,41.0,19.5,0.0,0.0,1.0,1,Adult,2
274,0,1,37.0,29.7,1.0,0.0,0.0,1,Adult,3
275,1,3,29.69911764705882,7.75,0.0,1.0,0.0,0,Adult,0
276,1,1,63.0,77.9583,0.0,0.0,1.0,1,Elderly,4
277,0,3,45.0,7.75,0.0,0.0,1.0,0,Adult,0
278,0,2,29.69911764705882,0.0,0.0,0.0,1.0,0,Adult,0
279,0,3,7.0,29.125,0.0,1.0,0.0,5,Child,3
280,1,3,35.0,20.25,0.0,0.0,1.0,2,Adult,2
281,0,3,65.0,7.75,0.0,1.0,0.0,0,Elderly,0
282,0,3,28.0,7.8542,0.0,0.0,1.0,0,Adult,0
283,0,3,16.0,9.5,0.0,0.0,1.0,0,Teenager,1
284,1,3,19.0,8.05,0.0,0.0,1.0,0,Adult,1
285,0,1,29.69911764705882,26.0,0.0,0.0,1.0,0,Adult,3
286,0,3,33.0,8.6625,1.0,0.0,0.0,0,Adult,1
287,1,3,30.0,9.5,0.0,0.0,1.0,0,Adult,1
288,0,3,22.0,7.8958,0.0,0.0,1.0,0,Adult,1
289,1,2,42.0,13.0,0.0,0.0,1.0,0,Adult,2
290,1,3,22.0,7.75,0.0,1.0,0.0,0,Adult,0
291,1,1,26.0,78.85,0.0,0.0,1.0,0,Adult,4
292,1,1,19.0,91.0792,1.0,0.0,0.0,1,Adult,4
293,0,2,36.0,12.875,1.0,0.0,0.0,0,Adult,2
294,0,3,24.0,8.85,0.0,0.0,1.0,0,Adult,1
295,0,3,24.0,7.8958,0.0,0.0,1.0,0,Adult,1
296,0,1,29.69911764705882,27.7208,1.0,0.0,0.0,0,Adult,3
297,0,3,23.5,7.2292,1.0,0.0,0.0,0,Adult,0
298,0,1,2.0,151.55,0.0,0.0,1.0,3,Child,4
299,1,1,29.69911764705882,30.5,0.0,0.0,1.0,0,Adult,3
300,1,1,50.0,247.5208,1.0,0.0,0.0,1,Adult,4
301,1,3,29.69911764705882,7.75,0.0,1.0,0.0,0,Adult,0
302,1,3,29.69911764705882,23.25,0.0,1.0,0.0,2,Adult,3
303,0,3,19.0,0.0,0.0,0.0,1.0,0,Adult,0
304,1,2,29.69911764705882,12.35,0.0,1.0,0.0,0,Adult,2
305,0,3,29.69911764705882,8.05,0.0,0.0,1.0,0,Adult,1
306,1,1,0.92,151.55,0.0,0.0,1.0,3,Child,4
307,1,1,29.69911764705882,110.8833,1.0,0.0,0.0,0,Adult,4
308,1,1,17.0,108.9,1.0,0.0,0.0,1,Teenager,4
309,0,2,30.0,24.0,1.0,0.0,0.0,1,Adult,3
310,1,1,30.0,56.9292,1.0,0.0,0.0,0,Adult,4
311,1,1,24.0,83.1583,1.0,0.0,0.0,0,Adult,4
312,1,1,18.0,262.375,1.0,0.0,0.0,4,Teenager,4
313,0,2,26.0,26.0,0.0,0.0,1.0,2,Adult,3
314,0,3,28.0,7.8958,0.0,0.0,1.0,0,Adult,1
315,0,2,43.0,26.25,0.0,0.0,1.0,2,Adult,3
316,1,3,26.0,7.8542,0.0,0.0,1.0,0,Adult,0
317,1,2,24.0,26.0,0.0,0.0,1.0,1,Adult,3
318,0,2,54.0,14.0,0.0,0.0,1.0,0,Adult,2
319,1,1,31.0,164.8667,0.0,0.0,1.0,2,Adult,4
320,1,1,40.0,134.5,1.0,0.0,0.0,2,Adult,4
321,0,3,22.0,7.25,0.0,0.0,1.0,0,Adult,0
322,0,3,27.0,7.8958,0.0,0.0,1.0,0,Adult,1
323,1,2,30.0,12.35,0.0,1.0,0.0,0,Adult,2
324,1,2,22.0,29.0,0.0,0.0,1.0,2,Adult,3
325,0,3,29.69911764705882,69.55,0.0,0.0,1.0,10,Adult,4
326,1,1,36.0,135.6333,1.0,0.0,0.0,0,Adult,4
327,0,3,61.0,6.2375,0.0,0.0,1.0,0,Elderly,0
328,1,2,36.0,13.0,0.0,0.0,1.0,0,Adult,2
329,1,3,31.0,20.525,0.0,0.0,1.0,2,Adult,2
330,1,1,16.0,57.9792,1.0,0.0,0.0,1,Teenager,4
331,1,3,29.69911764705882,23.25,0.0,1.0,0.0,2,Adult,3
332,0,1,45.5,28.5,0.0,0.0,1.0,0,Adult,3
333,0,1,38.0,153.4625,0.0,0.0,1.0,1,Adult,4
334,0,3,16.0,18.0,0.0,0.0,1.0,2,Teenager,2
335,1,1,29.69911764705882,133.65,0.0,0.0,1.0,1,Adult,4
336,0,3,29.69911764705882,7.8958,0.0,0.0,1.0,0,Adult,1
337,0,1,29.0,66.6,0.0,0.0,1.0,1,Adult,4
338,1,1,41.0,134.5,1.0,0.0,0.0,0,Adult,4
339,1,3,45.0,8.05,0.0,0.0,1.0,0,Adult,1
340,0,1,45.0,35.5,0.0,0.0,1.0,0,Adult,3
341,1,2,2.0,26.0,0.0,0.0,1.0,2,Child,3
342,1,1,24.0,263.0,0.0,0.0,1.0,5,Adult,4
343,0,2,28.0,13.0,0.0,0.0,1.0,0,Adult,2
344,0,2,25.0,13.0,0.0,0.0,1.0,0,Adult,2
345,0,2,36.0,13.0,0.0,0.0,1.0,0,Adult,2
346,1,2,24.0,13.0,0.0,0.0,1.0,0,Adult,2
347,1,2,40.0,13.0,0.0,0.0,1.0,0,Adult,2
348,1,3,29.69911764705882,16.1,0.0,0.0,1.0,1,Adult,2
349,1,3,3.0,15.9,0.0,0.0,1.0,2,Child,2
350,0,3,42.0,8.6625,0.0,0.0,1.0,0,Adult,1
351,0,3,23.0,9.225,0.0,0.0,1.0,0,Adult,1
352,0,1,29.69911764705882,35.0,0.0,0.0,1.0,0,Adult,3
353,0,3,15.0,7.2292,1.0,0.0,0.0,2,Teenager,0
354,0,3,25.0,17.8,0.0,0.0,1.0,1,Adult,2
355,0,3,29.69911764705882,7.225,1.0,0.0,0.0,0,Adult,0
356,0,3,28.0,9.5,0.0,0.0,1.0,0,Adult,1
357,1,1,22.0,55.0,0.0,0.0,1.0,1,Adult,4
358,0,2,38.0,13.0,0.0,0.0,1.0,0,Adult,2
359,1,3,29.69911764705882,7.8792,0.0,1.0,0.0,0,Adult,1
360,1,3,29.69911764705882,7.8792,0.0,1.0,0.0,0,Adult,1
361,0,3,40.0,27.9,0.0,0.0,1.0,5,Adult,3
362,0,2,29.0,27.7208,1.0,0.0,0.0,1,Adult,3
363,0,3,45.0,14.4542,1.0,0.0,0.0,1,Adult,2
364,0,3,35.0,7.05,0.0,0.0,1.0,0,Adult,0
365,0,3,29.69911764705882,15.5,0.0,1.0,0.0,1,Adult,2
366,0,3,30.0,7.25,0.0,0.0,1.0,0,Adult,0
367,1,1,60.0,75.25,1.0,0.0,0.0,1,Adult,4
368,1,3,29.69911764705882,7.2292,1.0,0.0,0.0,0,Adult,0
369,1,3,29.69911764705882,7.75,0.0,1.0,0.0,0,Adult,0
370,1,1,24.0,69.3,1.0,0.0,0.0,0,Adult,4
371,1,1,25.0,55.4417,1.0,0.0,0.0,1,Adult,4
372,0,3,18.0,6.4958,0.0,0.0,1.0,1,Teenager,0
373,0,3,19.0,8.05,0.0,0.0,1.0,0,Adult,1
374,0,1,22.0,135.6333,1.0,0.0,0.0,0,Adult,4
375,0,3,3.0,21.075,0.0,0.0,1.0,4,Child,2
376,1,1,29.69911764705882,82.1708,1.0,0.0,0.0,1,Adult,4
377,1,3,22.0,7.25,0.0,0.0,1.0,0,Adult,0
378,0,1,27.0,211.5,1.0,0.0,0.0,2,Adult,4
379,0,3,20.0,4.0125,1.0,0.0,0.0,0,Adult,0
380,0,3,19.0,7.775,0.0,0.0,1.0,0,Adult,0
381,1,1,42.0,227.525,1.0,0.0,0.0,0,Adult,4
382,1,3,1.0,15.7417,1.0,0.0,0.0,2,Child,2
383,0,3,32.0,7.925,0.0,0.0,1.0,0,Adult,1
384,1,1,35.0,52.0,0.0,0.0,1.0,1,Adult,4
385,0,3,29.69911764705882,7.8958,0.0,0.0,1.0,0,Adult,1
386,0,2,18.0,73.5,0.0,0.0,1.0,0,Teenager,4
387,0,3,1.0,46.9,0.0,0.0,1.0,7,Child,4
388,1,2,36.0,13.0,0.0,0.0,1.0,0,Adult,2
389,0,3,29.69911764705882,7.7292,0.0,1.0,0.0,0,Adult,0
390,1,2,17.0,12.0,1.0,0.0,0.0,0,Teenager,2
391,1,1,36.0,120.0,0.0,0.0,1.0,3,Adult,4
392,1,3,21.0,7.7958,0.0,0.0,1.0,0,Adult,0
393,0,3,28.0,7.925,0.0,0.0,1.0,2,Adult,1
394,1,1,23.0,113.275,1.0,0.0,0.0,1,Adult,4
395,1,3,24.0,16.7,0.0,0.0,1.0,2,Adult,2
396,0,3,22.0,7.7958,0.0,0.0,1.0,0,Adult,0
397,0,3,31.0,7.8542,0.0,0.0,1.0,0,Adult,0
398,0,2,46.0,26.0,0.0,0.0,1.0,0,Adult,3
399,0,2,23.0,10.5,0.0,0.0,1.0,0,Adult,1
400,1,2,28.0,12.65,0.0,0.0,1.0,0,Adult,2
401,1,3,39.0,7.925,0.0,0.0,1.0,0,Adult,1
402,0,3,26.0,8.05,0.0,0.0,1.0,0,Adult,1
403,0,3,21.0,9.825,0.0,0.0,1.0,1,Adult,1
404,0,3,28.0,15.85,0.0,0.0,1.0,1,Adult,2
405,0,3,20.0,8.6625,0.0,0.0,1.0,0,Adult,1
406,0,2,34.0,21.0,0.0,0.0,1.0,1,Adult,2
407,0,3,51.0,7.75,0.0,0.0,1.0,0,Adult,0
408,1,2,3.0,18.75,0.0,0.0,1.0,2,Child,2
409,0,3,21.0,7.775,0.0,0.0,1.0,0,Adult,0
410,0,3,29.69911764705882,25.4667,0.0,0.0,1.0,4,Adult,3
411,0,3,29.69911764705882,7.8958,0.0,0.0,1.0,0,Adult,1
412,0,3,29.69911764705882,6.8583,0.0,1.0,0.0,0,Adult,0
413,1,1,33.0,90.0,0.0,1.0,0.0,1,Adult,4
414,0,2,29.69911764705882,0.0,0.0,0.0,1.0,0,Adult,0
415,1,3,44.0,7.925,0.0,0.0,1.0,0,Adult,1
416,0,3,29.69911764705882,8.05,0.0,0.0,1.0,0,Adult,1
417,1,2,34.0,32.5,0.0,0.0,1.0,2,Adult,3
418,1,2,18.0,13.0,0.0,0.0,1.0,2,Teenager,2
419,0,2,30.0,13.0,0.0,0.0,1.0,0,Adult,2
420,0,3,10.0,24.15,0.0,0.0,1.0,2,Child,3
421,0,3,29.69911764705882,7.8958,1.0,0.0,0.0,0,Adult,1
422,0,3,21.0,7.7333,0.0,1.0,0.0,0,Adult,0
423,0,3,29.0,7.875,0.0,0.0,1.0,0,Adult,1
424,0,3,28.0,14.4,0.0,0.0,1.0,2,Adult,2
425,0,3,18.0,20.2125,0.0,0.0,1.0,2,Teenager,2
426,0,3,29.69911764705882,7.25,0.0,0.0,1.0,0,Adult,0
427,1,2,28.0,26.0,0.0,0.0,1.0,1,Adult,3
428,1,2,19.0,26.0,0.0,0.0,1.0,0,Adult,3
429,0,3,29.69911764705882,7.75,0.0,1.0,0.0,0,Adult,0
430,1,3,32.0,8.05,0.0,0.0,1.0,0,Adult,1
431,1,1,28.0,26.55,0.0,0.0,1.0,0,Adult,3
432,1,3,29.69911764705882,16.1,0.0,0.0,1.0,1,Adult,2
433,1,2,42.0,26.0,0.0,0.0,1.0,1,Adult,3
434,0,3,17.0,7.125,0.0,0.0,1.0,0,Teenager,0
435,0,1,50.0,55.9,0.0,0.0,1.0,1,Adult,4
436,1,1,14.0,120.0,0.0,0.0,1.0,3,Teenager,4
437,0,3,21.0,34.375,0.0,0.0,1.0,4,Adult,3
438,1,2,24.0,18.75,0.0,0.0,1.0,5,Adult,2
439,0,1,64.0,263.0,0.0,0.0,1.0,5,Elderly,4
440,0,2,31.0,10.5,0.0,0.0,1.0,0,Adult,1
441,1,2,45.0,26.25,0.0,0.0,1.0,2,Adult,3
442,0,3,20.0,9.5,0.0,0.0,1.0,0,Adult,1
443,0,3,25.0,7.775,0.0,0.0,1.0,1,Adult,0
444,1,2,28.0,13.0,0.0,0.0,1.0,0,Adult,2
445,1,3,29.69911764705882,8.1125,0.0,0.0,1.0,0,Adult,1
446,1,1,4.0,81.8583,0.0,0.0,1.0,2,Child,4
447,1,2,13.0,19.5,0.0,0.0,1.0,1,Teenager,2
448,1,1,34.0,26.55,0.0,0.0,1.0,0,Adult,3
449,1,3,5.0,19.2583,1.0,0.0,0.0,3,Child,2
450,1,1,52.0,30.5,0.0,0.0,1.0,0,Adult,3
451,0,2,36.0,27.75,0.0,0.0,1.0,3,Adult,3
452,0,3,29.69911764705882,19.9667,0.0,0.0,1.0,1,Adult,2
453,0,1,30.0,27.75,1.0,0.0,0.0,0,Adult,3
454,1,1,49.0,89.1042,1.0,0.0,0.0,1,Adult,4
455,0,3,29.69911764705882,8.05,0.0,0.0,1.0,0,Adult,1
456,1,3,29.0,7.8958,1.0,0.0,0.0,0,Adult,1
457,0,1,65.0,26.55,0.0,0.0,1.0,0,Elderly,3
458,1,1,29.69911764705882,51.8625,0.0,0.0,1.0,1,Adult,4
459,1,2,50.0,10.5,0.0,0.0,1.0,0,Adult,1
460,0,3,29.69911764705882,7.75,0.0,1.0,0.0,0,Adult,0
461,1,1,48.0,26.55,0.0,0.0,1.0,0,Adult,3
462,0,3,34.0,8.05,0.0,0.0,1.0,0,Adult,1
463,0,1,47.0,38.5,0.0,0.0,1.0,0,Adult,3
464,0,2,48.0,13.0,0.0,0.0,1.0,0,Adult,2
465,0,3,29.69911764705882,8.05,0.0,0.0,1.0,0,Adult,1
466,0,3,38.0,7.05,0.0,0.0,1.0,0,Adult,0
467,0,2,29.69911764705882,0.0,0.0,0.0,1.0,0,Adult,0
468,0,1,56.0,26.55,0.0,0.0,1.0,0,Adult,3
469,0,3,29.69911764705882,7.725,0.0,1.0,0.0,0,Adult,0
470,1,3,0.75,19.2583,1.0,0.0,0.0,3,Child,2
471,0,3,29.69911764705882,7.25,0.0,0.0,1.0,0,Adult,0
472,0,3,38.0,8.6625,0.0,0.0,1.0,0,Adult,1
473,1,2,33.0,27.75,0.0,0.0,1.0,3,Adult,3
474,1,2,23.0,13.7917,1.0,0.0,0.0,0,Adult,2
475,0,3,22.0,9.8375,0.0,0.0,1.0,0,Adult,1
476,0,1,29.69911764705882,52.0,0.0,0.0,1.0,0,Adult,4
477,0,2,34.0,21.0,0.0,0.0,1.0,1,Adult,2
478,0,3,29.0,7.0458,0.0,0.0,1.0,1,Adult,0
479,0,3,22.0,7.5208,0.0,0.0,1.0,0,Adult,0
480,1,3,2.0,12.2875,0.0,0.0,1.0,1,Child,2
481,0,3,9.0,46.9,0.0,0.0,1.0,7,Child,4
482,0,2,29.69911764705882,0.0,0.0,0.0,1.0,0,Adult,0
483,0,3,50.0,8.05,0.0,0.0,1.0,0,Adult,1
484,1,3,63.0,9.5875,0.0,0.0,1.0,0,Elderly,1
485,1,1,25.0,91.0792,1.0,0.0,0.0,1,Adult,4
486,0,3,29.69911764705882,25.4667,0.0,0.0,1.0,4,Adult,3
487,1,1,35.0,90.0,0.0,0.0,1.0,1,Adult,4
488,0,1,58.0,29.7,1.0,0.0,0.0,0,Adult,3
489,0,3,30.0,8.05,0.0,0.0,1.0,0,Adult,1
490,1,3,9.0,15.9,0.0,0.0,1.0,2,Child,2
491,0,3,29.69911764705882,19.9667,0.0,0.0,1.0,1,Adult,2
492,0,3,21.0,7.25,0.0,0.0,1.0,0,Adult,0
493,0,1,55.0,30.5,0.0,0.0,1.0,0,Adult,3
494,0,1,71.0,49.5042,1.0,0.0,0.0,0,Elderly,4
495,0,3,21.0,8.05,0.0,0.0,1.0,0,Adult,1
496,0,3,29.69911764705882,14.4583,1.0,0.0,0.0,0,Adult,2
497,1,1,54.0,78.2667,1.0,0.0,0.0,1,Adult,4
498,0,3,29.69911764705882,15.1,0.0,0.0,1.0,0,Adult,2
499,0,1,25.0,151.55,0.0,0.0,1.0,3,Adult,4
500,0,3,24.0,7.7958,0.0,0.0,1.0,0,Adult,0
501,0,3,17.0,8.6625,0.0,0.0,1.0,0,Teenager,1
502,0,3,21.0,7.75,0.0,1.0,0.0,0,Adult,0
503,0,3,29.69911764705882,7.6292,0.0,1.0,0.0,0,Adult,0
504,0,3,37.0,9.5875,0.0,0.0,1.0,0,Adult,1
505,1,1,16.0,86.5,0.0,0.0,1.0,0,Teenager,4
506,0,1,18.0,108.9,1.0,0.0,0.0,1,Teenager,4
507,1,2,33.0,26.0,0.0,0.0,1.0,2,Adult,3
508,1,1,29.69911764705882,26.55,0.0,0.0,1.0,0,Adult,3
509,0,3,28.0,22.525,0.0,0.0,1.0,0,Adult,3
510,1,3,26.0,56.4958,0.0,0.0,1.0,0,Adult,4
511,1,3,29.0,7.75,0.0,1.0,0.0,0,Adult,0
512,0,3,29.69911764705882,8.05,0.0,0.0,1.0,0,Adult,1
513,1,1,36.0,26.2875,0.0,0.0,1.0,0,Adult,3
514,1,1,54.0,59.4,1.0,0.0,0.0,1,Adult,4
515,0,3,24.0,7.4958,0.0,0.0,1.0,0,Adult,0
516,0,1,47.0,34.0208,0.0,0.0,1.0,0,Adult,3
517,1,2,34.0,10.5,0.0,0.0,1.0,0,Adult,1
518,0,3,29.69911764705882,24.15,0.0,1.0,0.0,0,Adult,3
519,1,2,36.0,26.0,0.0,0.0,1.0,1,Adult,3
520,0,3,32.0,7.8958,0.0,0.0,1.0,0,Adult,1
521,1,1,30.0,93.5,0.0,0.0,1.0,0,Adult,4
522,0,3,22.0,7.8958,0.0,0.0,1.0,0,Adult,1
523,0,3,29.69911764705882,7.225,1.0,0.0,0.0,0,Adult,0
524,1,1,44.0,57.9792,1.0,0.0,0.0,1,Adult,4
525,0,3,29.69911764705882,7.2292,1.0,0.0,0.0,0,Adult,0
526,0,3,40.5,7.75,0.0,1.0,0.0,0,Adult,0
527,1,2,50.0,10.5,0.0,0.0,1.0,0,Adult,1
528,0,1,29.69911764705882,221.7792,0.0,0.0,1.0,0,Adult,4
529,0,3,39.0,7.925,0.0,0.0,1.0,0,Adult,1
530,0,2,23.0,11.5,0.0,0.0,1.0,3,Adult,2
531,1,2,2.0,26.0,0.0,0.0,1.0,2,Child,3
532,0,3,29.69911764705882,7.2292,1.0,0.0,0.0,0,Adult,0
533,0,3,17.0,7.2292,1.0,0.0,0.0,2,Teenager,0
534,1,3,29.69911764705882,22.3583,1.0,0.0,0.0,2,Adult,3
535,0,3,30.0,8.6625,0.0,0.0,1.0,0,Adult,1
536,1,2,7.0,26.25,0.0,0.0,1.0,2,Child,3
537,0,1,45.0,26.55,0.0,0.0,1.0,0,Adult,3
538,1,1,30.0,106.425,1.0,0.0,0.0,0,Adult,4
539,0,3,29.69911764705882,14.5,0.0,0.0,1.0,0,Adult,2
540,1,1,22.0,49.5,1.0,0.0,0.0,2,Adult,4
541,1,1,36.0,71.0,0.0,0.0,1.0,2,Adult,4
542,0,3,9.0,31.275,0.0,0.0,1.0,6,Child,3
543,0,3,11.0,31.275,0.0,0.0,1.0,6,Child,3
544,1,2,32.0,26.0,0.0,0.0,1.0,1,Adult,3
545,0,1,50.0,106.425,1.0,0.0,0.0,1,Adult,4
546,0,1,64.0,26.0,0.0,0.0,1.0,0,Elderly,3
547,1,2,19.0,26.0,0.0,0.0,1.0,1,Adult,3
548,1,2,29.69911764705882,13.8625,1.0,0.0,0.0,0,Adult,2
549,0,3,33.0,20.525,0.0,0.0,1.0,2,Adult,2
550,1,2,8.0,36.75,0.0,0.0,1.0,2,Child,3
551,1,1,17.0,110.8833,1.0,0.0,0.0,2,Teenager,4
552,0,2,27.0,26.0,0.0,0.0,1.0,0,Adult,3
553,0,3,29.69911764705882,7.8292,0.0,1.0,0.0,0,Adult,0
554,1,3,22.0,7.225,1.0,0.0,0.0,0,Adult,0
555,1,3,22.0,7.775,0.0,0.0,1.0,0,Adult,0
556,0,1,62.0,26.55,0.0,0.0,1.0,0,Elderly,3
557,1,1,48.0,39.6,1.0,0.0,0.0,1,Adult,3
558,0,1,29.69911764705882,227.525,1.0,0.0,0.0,0,Adult,4
559,1,1,39.0,79.65,0.0,0.0,1.0,2,Adult,4
560,1,3,36.0,17.4,0.0,0.0,1.0,1,Adult,2
561,0,3,29.69911764705882,7.75,0.0,1.0,0.0,0,Adult,0
562,0,3,40.0,7.8958,0.0,0.0,1.0,0,Adult,1
563,0,2,28.0,13.5,0.0,0.0,1.0,0,Adult,2
564,0,3,29.69911764705882,8.05,0.0,0.0,1.0,0,Adult,1
565,0,3,29.69911764705882,8.05,0.0,0.0,1.0,0,Adult,1
566,0,3,24.0,24.15,0.0,0.0,1.0,2,Adult,3
567,0,3,19.0,7.8958,0.0,0.0,1.0,0,Adult,1
568,0,3,29.0,21.075,0.0,0.0,1.0,4,Adult,2
569,0,3,29.69911764705882,7.2292,1.0,0.0,0.0,0,Adult,0
570,1,3,32.0,7.8542,0.0,0.0,1.0,0,Adult,0
571,1,2,62.0,10.5,0.0,0.0,1.0,0,Elderly,1
572,1,1,53.0,51.4792,0.0,0.0,1.0,2,Adult,4
573,1,1,36.0,26.3875,0.0,0.0,1.0,0,Adult,3
574,1,3,29.69911764705882,7.75,0.0,1.0,0.0,0,Adult,0
575,0,3,16.0,8.05,0.0,0.0,1.0,0,Teenager,1
576,0,3,19.0,14.5,0.0,0.0,1.0,0,Adult,2
577,1,2,34.0,13.0,0.0,0.0,1.0,0,Adult,2
578,1,1,39.0,55.9,0.0,0.0,1.0,1,Adult,4
579,0,3,29.69911764705882,14.4583,1.0,0.0,0.0,1,Adult,2
580,1,3,32.0,7.925,0.0,0.0,1.0,0,Adult,1
581,1,2,25.0,30.0,0.0,0.0,1.0,2,Adult,3
582,1,1,39.0,110.8833,1.0,0.0,0.0,2,Adult,4
583,0,2,54.0,26.0,0.0,0.0,1.0,0,Adult,3
584,0,1,36.0,40.125,1.0,0.0,0.0,0,Adult,4
585,0,3,29.69911764705882,8.7125,1.0,0.0,0.0,0,Adult,1
586,1,1,18.0,79.65,0.0,0.0,1.0,2,Teenager,4
587,0,2,47.0,15.0,0.0,0.0,1.0,0,Adult,2
588,1,1,60.0,79.2,1.0,0.0,0.0,2,Adult,4
589,0,3,22.0,8.05,0.0,0.0,1.0,0,Adult,1
590,0,3,29.69911764705882,8.05,0.0,0.0,1.0,0,Adult,1
591,0,3,35.0,7.125,0.0,0.0,1.0,0,Adult,0
592,1,1,52.0,78.2667,1.0,0.0,0.0,1,Adult,4
593,0,3,47.0,7.25,0.0,0.0,1.0,0,Adult,0
594,0,3,29.69911764705882,7.75,0.0,1.0,0.0,2,Adult,0
595,0,2,37.0,26.0,0.0,0.0,1.0,1,Adult,3
596,0,3,36.0,24.15,0.0,0.0,1.0,2,Adult,3
597,1,2,29.69911764705882,33.0,0.0,0.0,1.0,0,Adult,3
598,0,3,49.0,0.0,0.0,0.0,1.0,0,Adult,0
599,0,3,29.69911764705882,7.225,1.0,0.0,0.0,0,Adult,0
600,1,1,49.0,56.9292,1.0,0.0,0.0,1,Adult,4
601,1,2,24.0,27.0,0.0,0.0,1.0,3,Adult,3
602,0,3,29.69911764705882,7.8958,0.0,0.0,1.0,0,Adult,1
603,0,1,29.69911764705882,42.4,0.0,0.0,1.0,0,Adult,4
604,0,3,44.0,8.05,0.0,0.0,1.0,0,Adult,1
605,1,1,35.0,26.55,1.0,0.0,0.0,0,Adult,3
606,0,3,36.0,15.55,0.0,0.0,1.0,1,Adult,2
607,0,3,30.0,7.8958,0.0,0.0,1.0,0,Adult,1
608,1,1,27.0,30.5,0.0,0.0,1.0,0,Adult,3
609,1,2,22.0,41.5792,1.0,0.0,0.0,3,Adult,4
610,1,1,40.0,153.4625,0.0,0.0,1.0,0,Adult,4
611,0,3,39.0,31.275,0.0,0.0,1.0,6,Adult,3
612,0,3,29.69911764705882,7.05,0.0,0.0,1.0,0,Adult,0
613,1,3,29.69911764705882,15.5,0.0,1.0,0.0,1,Adult,2
614,0,3,29.69911764705882,7.75,0.0,1.0,0.0,0,Adult,0
615,0,3,35.0,8.05,0.0,0.0,1.0,0,Adult,1
616,1,2,24.0,65.0,0.0,0.0,1.0,3,Adult,4
617,0,3,34.0,14.4,0.0,0.0,1.0,2,Adult,2
618,0,3,26.0,16.1,0.0,0.0,1.0,1,Adult,2
619,1,2,4.0,39.0,0.0,0.0,1.0,3,Child,3
620,0,2,26.0,10.5,0.0,0.0,1.0,0,Adult,1
621,0,3,27.0,14.4542,1.0,0.0,0.0,1,Adult,2
622,1,1,42.0,52.5542,0.0,0.0,1.0,1,Adult,4
623,1,3,20.0,15.7417,1.0,0.0,0.0,2,Adult,2
624,0,3,21.0,7.8542,0.0,0.0,1.0,0,Adult,0
625,0,3,21.0,16.1,0.0,0.0,1.0,0,Adult,2
626,0,1,61.0,32.3208,0.0,0.0,1.0,0,Elderly,3
627,0,2,57.0,12.35,0.0,1.0,0.0,0,Adult,2
628,1,1,21.0,77.9583,0.0,0.0,1.0,0,Adult,4
629,0,3,26.0,7.8958,0.0,0.0,1.0,0,Adult,1
630,0,3,29.69911764705882,7.7333,0.0,1.0,0.0,0,Adult,0
631,1,1,80.0,30.0,0.0,0.0,1.0,0,Elderly,3
632,0,3,51.0,7.0542,0.0,0.0,1.0,0,Adult,0
633,1,1,32.0,30.5,1.0,0.0,0.0,0,Adult,3
634,0,1,29.69911764705882,0.0,0.0,0.0,1.0,0,Adult,0
635,0,3,9.0,27.9,0.0,0.0,1.0,5,Child,3
636,1,2,28.0,13.0,0.0,0.0,1.0,0,Adult,2
637,0,3,32.0,7.925,0.0,0.0,1.0,0,Adult,1
638,0,2,31.0,26.25,0.0,0.0,1.0,2,Adult,3
639,0,3,41.0,39.6875,0.0,0.0,1.0,5,Adult,3
640,0,3,29.69911764705882,16.1,0.0,0.0,1.0,1,Adult,2
641,0,3,20.0,7.8542,0.0,0.0,1.0,0,Adult,0
642,1,1,24.0,69.3,1.0,0.0,0.0,0,Adult,4
643,0,3,2.0,27.9,0.0,0.0,1.0,5,Child,3
644,1,3,29.69911764705882,56.4958,0.0,0.0,1.0,0,Adult,4
645,1,3,0.75,19.2583,1.0,0.0,0.0,3,Child,2
646,1,1,48.0,76.7292,1.0,0.0,0.0,1,Adult,4
647,0,3,19.0,7.8958,0.0,0.0,1.0,0,Adult,1
648,1,1,56.0,35.5,1.0,0.0,0.0,0,Adult,3
649,0,3,29.69911764705882,7.55,0.0,0.0,1.0,0,Adult,0
650,1,3,23.0,7.55,0.0,0.0,1.0,0,Adult,0
651,0,3,29.69911764705882,7.8958,0.0,0.0,1.0,0,Adult,1
652,1,2,18.0,23.0,0.0,0.0,1.0,1,Teenager,3
653,0,3,21.0,8.4333,0.0,0.0,1.0,0,Adult,1
654,1,3,29.69911764705882,7.8292,0.0,1.0,0.0,0,Adult,0
655,0,3,18.0,6.75,0.0,1.0,0.0,0,Teenager,0
656,0,2,24.0,73.5,0.0,0.0,1.0,2,Adult,4
657,0,3,29.69911764705882,7.8958,0.0,0.0,1.0,0,Adult,1
658,0,3,32.0,15.5,0.0,1.0,0.0,2,Adult,2
659,0,2,23.0,13.0,0.0,0.0,1.0,0,Adult,2
660,0,1,58.0,113.275,1.0,0.0,0.0,2,Adult,4
661,1,1,50.0,133.65,0.0,0.0,1.0,2,Adult,4
662,0,3,40.0,7.225,1.0,0.0,0.0,0,Adult,0
663,0,1,47.0,25.5875,0.0,0.0,1.0,0,Adult,3
664,0,3,36.0,7.4958,0.0,0.0,1.0,0,Adult,0
665,1,3,20.0,7.925,0.0,0.0,1.0,1,Adult,1
666,0,2,32.0,73.5,0.0,0.0,1.0,2,Adult,4
667,0,2,25.0,13.0,0.0,0.0,1.0,0,Adult,2
668,0,3,29.69911764705882,7.775,0.0,0.0,1.0,0,Adult,0
669,0,3,43.0,8.05,0.0,0.0,1.0,0,Adult,1
670,1,1,29.69911764705882,52.0,0.0,0.0,1.0,1,Adult,4
671,1,2,40.0,39.0,0.0,0.0,1.0,2,Adult,3
672,0,1,31.0,52.0,0.0,0.0,1.0,1,Adult,4
673,0,2,70.0,10.5,0.0,0.0,1.0,0,Elderly,1
674,1,2,31.0,13.0,0.0,0.0,1.0,0,Adult,2
675,0,2,29.69911764705882,0.0,0.0,0.0,1.0,0,Adult,0
676,0,3,18.0,7.775,0.0,0.0,1.0,0,Teenager,0
677,0,3,24.5,8.05,0.0,0.0,1.0,0,Adult,1
678,1,3,18.0,9.8417,0.0,0.0,1.0,0,Teenager,1
679,0,3,43.0,46.9,0.0,0.0,1.0,7,Adult,4
680,1,1,36.0,512.3292,1.0,0.0,0.0,1,Adult,4
681,0,3,29.69911764705882,8.1375,0.0,1.0,0.0,0,Adult,1
682,1,1,27.0,76.7292,1.0,0.0,0.0,0,Adult,4
683,0,3,20.0,9.225,0.0,0.0,1.0,0,Adult,1
684,0,3,14.0,46.9,0.0,0.0,1.0,7,Teenager,4
685,0,2,60.0,39.0,0.0,0.0,1.0,2,Adult,3
686,0,2,25.0,41.5792,1.0,0.0,0.0,3,Adult,4
687,0,3,14.0,39.6875,0.0,0.0,1.0,5,Teenager,3
688,0,3,19.0,10.1708,0.0,0.0,1.0,0,Adult,1
689,0,3,18.0,7.7958,0.0,0.0,1.0,0,Teenager,0
690,1,1,15.0,211.3375,0.0,0.0,1.0,1,Teenager,4
691,1,1,31.0,57.0,0.0,0.0,1.0,1,Adult,4
692,1,3,4.0,13.4167,1.0,0.0,0.0,1,Child,2
693,1,3,29.69911764705882,56.4958,0.0,0.0,1.0,0,Adult,4
694,0,3,25.0,7.225,1.0,0.0,0.0,0,Adult,0
695,0,1,60.0,26.55,0.0,0.0,1.0,0,Adult,3
696,0,2,52.0,13.5,0.0,0.0,1.0,0,Adult,2
697,0,3,44.0,8.05,0.0,0.0,1.0,0,Adult,1
698,1,3,29.69911764705882,7.7333,0.0,1.0,0.0,0,Adult,0
699,0,1,49.0,110.8833,1.0,0.0,0.0,2,Adult,4
700,0,3,42.0,7.65,0.0,0.0,1.0,0,Adult,0
701,1,1,18.0,227.525,1.0,0.0,0.0,1,Teenager,4
702,1,1,35.0,26.2875,0.0,0.0,1.0,0,Adult,3
703,0,3,18.0,14.4542,1.0,0.0,0.0,1,Teenager,2
704,0,3,25.0,7.7417,0.0,1.0,0.0,0,Adult,0
705,0,3,26.0,7.8542,0.0,0.0,1.0,1,Adult,0
706,0,2,39.0,26.0,0.0,0.0,1.0,0,Adult,3
707,1,2,45.0,13.5,0.0,0.0,1.0,0,Adult,2
708,1,1,42.0,26.2875,0.0,0.0,1.0,0,Adult,3
709,1,1,22.0,151.55,0.0,0.0,1.0,0,Adult,4
710,1,3,29.69911764705882,15.2458,1.0,0.0,0.0,2,Adult,2
711,1,1,24.0,49.5042,1.0,0.0,0.0,0,Adult,4
712,0,1,29.69911764705882,26.55,0.0,0.0,1.0,0,Adult,3
713,1,1,48.0,52.0,0.0,0.0,1.0,1,Adult,4
714,0,3,29.0,9.4833,0.0,0.0,1.0,0,Adult,1
715,0,2,52.0,13.0,0.0,0.0,1.0,0,Adult,2
716,0,3,19.0,7.65,0.0,0.0,1.0,0,Adult,0
717,1,1,38.0,227.525,1.0,0.0,0.0,0,Adult,4
718,1,2,27.0,10.5,0.0,0.0,1.0,0,Adult,1
719,0,3,29.69911764705882,15.5,0.0,1.0,0.0,0,Adult,2
720,0,3,33.0,7.775,0.0,0.0,1.0,0,Adult,0
721,1,2,6.0,33.0,0.0,0.0,1.0,1,Child,3
722,0,3,17.0,7.0542,0.0,0.0,1.0,1,Teenager,0
723,0,2,34.0,13.0,0.0,0.0,1.0,0,Adult,2
724,0,2,50.0,13.0,0.0,0.0,1.0,0,Adult,2
725,1,1,27.0,53.1,0.0,0.0,1.0,1,Adult,4
726,0,3,20.0,8.6625,0.0,0.0,1.0,0,Adult,1
727,1,2,30.0,21.0,0.0,0.0,1.0,3,Adult,2
728,1,3,29.69911764705882,7.7375,0.0,1.0,0.0,0,Adult,0
729,0,2,25.0,26.0,0.0,0.0,1.0,1,Adult,3
730,0,3,25.0,7.925,0.0,0.0,1.0,1,Adult,1
731,1,1,29.0,211.3375,0.0,0.0,1.0,0,Adult,4
732,0,3,11.0,18.7875,1.0,0.0,0.0,0,Child,2
733,0,2,29.69911764705882,0.0,0.0,0.0,1.0,0,Adult,0
734,0,2,23.0,13.0,0.0,0.0,1.0,0,Adult,2
735,0,2,23.0,13.0,0.0,0.0,1.0,0,Adult,2
736,0,3,28.5,16.1,0.0,0.0,1.0,0,Adult,2
737,0,3,48.0,34.375,0.0,0.0,1.0,4,Adult,3
738,1,1,35.0,512.3292,1.0,0.0,0.0,0,Adult,4
739,0,3,29.69911764705882,7.8958,0.0,0.0,1.0,0,Adult,1
740,0,3,29.69911764705882,7.8958,0.0,0.0,1.0,0,Adult,1
741,1,1,29.69911764705882,30.0,0.0,0.0,1.0,0,Adult,3
742,0,1,36.0,78.85,0.0,0.0,1.0,1,Adult,4
743,1,1,21.0,262.375,1.0,0.0,0.0,4,Adult,4
744,0,3,24.0,16.1,0.0,0.0,1.0,1,Adult,2
745,1,3,31.0,7.925,0.0,0.0,1.0,0,Adult,1
746,0,1,70.0,71.0,0.0,0.0,1.0,2,Elderly,4
747,0,3,16.0,20.25,0.0,0.0,1.0,2,Teenager,2
748,1,2,30.0,13.0,0.0,0.0,1.0,0,Adult,2
749,0,1,19.0,53.1,0.0,0.0,1.0,1,Adult,4
750,0,3,31.0,7.75,0.0,1.0,0.0,0,Adult,0
751,1,2,4.0,23.0,0.0,0.0,1.0,2,Child,3
752,1,3,6.0,12.475,0.0,0.0,1.0,1,Child,2
753,0,3,33.0,9.5,0.0,0.0,1.0,0,Adult,1
754,0,3,23.0,7.8958,0.0,0.0,1.0,0,Adult,1
755,1,2,48.0,65.0,0.0,0.0,1.0,3,Adult,4
756,1,2,0.67,14.5,0.0,0.0,1.0,2,Child,2
757,0,3,28.0,7.7958,0.0,0.0,1.0,0,Adult,0
758,0,2,18.0,11.5,0.0,0.0,1.0,0,Teenager,2
759,0,3,34.0,8.05,0.0,0.0,1.0,0,Adult,1
760,1,1,33.0,86.5,0.0,0.0,1.0,0,Adult,4
761,0,3,29.69911764705882,14.5,0.0,0.0,1.0,0,Adult,2
762,0,3,41.0,7.125,0.0,0.0,1.0,0,Adult,0
763,1,3,20.0,7.2292,1.0,0.0,0.0,0,Adult,0
764,1,1,36.0,120.0,0.0,0.0,1.0,3,Adult,4
765,0,3,16.0,7.775,0.0,0.0,1.0,0,Teenager,0
766,1,1,51.0,77.9583,0.0,0.0,1.0,1,Adult,4
767,0,1,29.69911764705882,39.6,1.0,0.0,0.0,0,Adult,3
768,0,3,30.5,7.75,0.0,1.0,0.0,0,Adult,0
769,0,3,29.69911764705882,24.15,0.0,1.0,0.0,1,Adult,3
770,0,3,32.0,8.3625,0.0,0.0,1.0,0,Adult,1
771,0,3,24.0,9.5,0.0,0.0,1.0,0,Adult,1
772,0,3,48.0,7.8542,0.0,0.0,1.0,0,Adult,0
773,0,2,57.0,10.5,0.0,0.0,1.0,0,Adult,1
774,0,3,29.69911764705882,7.225,1.0,0.0,0.0,0,Adult,0
775,1,2,54.0,23.0,0.0,0.0,1.0,4,Adult,3
776,0,3,18.0,7.75,0.0,0.0,1.0,0,Teenager,0
777,0,3,29.69911764705882,7.75,0.0,1.0,0.0,0,Adult,0
778,1,3,5.0,12.475,0.0,0.0,1.0,0,Child,2
779,0,3,29.69911764705882,7.7375,0.0,1.0,0.0,0,Adult,0
780,1,1,43.0,211.3375,0.0,0.0,1.0,1,Adult,4
781,1,3,13.0,7.2292,1.0,0.0,0.0,0,Teenager,0
782,1,1,17.0,57.0,0.0,0.0,1.0,1,Teenager,4
783,0,1,29.0,30.0,0.0,0.0,1.0,0,Adult,3
784,0,3,29.69911764705882,23.45,0.0,0.0,1.0,3,Adult,3
785,0,3,25.0,7.05,0.0,0.0,1.0,0,Adult,0
786,0,3,25.0,7.25,0.0,0.0,1.0,0,Adult,0
787,1,3,18.0,7.4958,0.0,0.0,1.0,0,Teenager,0
788,0,3,8.0,29.125,0.0,1.0,0.0,5,Child,3
789,1,3,1.0,20.575,0.0,0.0,1.0,3,Child,2
790,0,1,46.0,79.2,1.0,0.0,0.0,0,Adult,4
791,0,3,29.69911764705882,7.75,0.0,1.0,0.0,0,Adult,0
792,0,2,16.0,26.0,0.0,0.0,1.0,0,Teenager,3
793,0,3,29.69911764705882,69.55,0.0,0.0,1.0,10,Adult,4
794,0,1,29.69911764705882,30.6958,1.0,0.0,0.0,0,Adult,3
795,0,3,25.0,7.8958,0.0,0.0,1.0,0,Adult,1
796,0,2,39.0,13.0,0.0,0.0,1.0,0,Adult,2
797,1,1,49.0,25.9292,0.0,0.0,1.0,0,Adult,3
798,1,3,31.0,8.6833,0.0,0.0,1.0,0,Adult,1
799,0,3,30.0,7.2292,1.0,0.0,0.0,0,Adult,0
800,0,3,30.0,24.15,0.0,0.0,1.0,2,Adult,3
801,0,2,34.0,13.0,0.0,0.0,1.0,0,Adult,2
802,1,2,31.0,26.25,0.0,0.0,1.0,2,Adult,3
803,1,1,11.0,120.0,0.0,0.0,1.0,3,Child,4
804,1,3,0.42,8.5167,1.0,0.0,0.0,1,Child,1
805,1,3,27.0,6.975,0.0,0.0,1.0,0,Adult,0
806,0,3,31.0,7.775,0.0,0.0,1.0,0,Adult,0
807,0,1,39.0,0.0,0.0,0.0,1.0,0,Adult,0
808,0,3,18.0,7.775,0.0,0.0,1.0,0,Teenager,0
809,0,2,39.0,13.0,0.0,0.0,1.0,0,Adult,2
810,1,1,33.0,53.1,0.0,0.0,1.0,1,Adult,4
811,0,3,26.0,7.8875,0.0,0.0,1.0,0,Adult,1
812,0,3,39.0,24.15,0.0,0.0,1.0,0,Adult,3
813,0,2,35.0,10.5,0.0,0.0,1.0,0,Adult,1
814,0,3,6.0,31.275,0.0,0.0,1.0,6,Child,3
815,0,3,30.5,8.05,0.0,0.0,1.0,0,Adult,1
816,0,1,29.69911764705882,0.0,0.0,0.0,1.0,0,Adult,0
817,0,3,23.0,7.925,0.0,0.0,1.0,0,Adult,1
818,0,2,31.0,37.0042,1.0,0.0,0.0,2,Adult,3
819,0,3,43.0,6.45,0.0,0.0,1.0,0,Adult,0
820,0,3,10.0,27.9,0.0,0.0,1.0,5,Child,3
821,1,1,52.0,93.5,0.0,0.0,1.0,2,Adult,4
822,1,3,27.0,8.6625,0.0,0.0,1.0,0,Adult,1
823,0,1,38.0,0.0,0.0,0.0,1.0,0,Adult,0
824,1,3,27.0,12.475,0.0,0.0,1.0,1,Adult,2
825,0,3,2.0,39.6875,0.0,0.0,1.0,5,Child,3
826,0,3,29.69911764705882,6.95,0.0,1.0,0.0,0,Adult,0
827,0,3,29.69911764705882,56.4958,0.0,0.0,1.0,0,Adult,4
828,1,2,1.0,37.0042,1.0,0.0,0.0,2,Child,3
829,1,3,29.69911764705882,7.75,0.0,1.0,0.0,0,Adult,0
830,1,1,62.0,80.0,0.0,0.0,0.0,0,Elderly,4
831,1,3,15.0,14.4542,1.0,0.0,0.0,1,Teenager,2
832,1,2,0.83,18.75,0.0,0.0,1.0,2,Child,2
833,0,3,29.69911764705882,7.2292,1.0,0.0,0.0,0,Adult,0
834,0,3,23.0,7.8542,0.0,0.0,1.0,0,Adult,0
835,0,3,18.0,8.3,0.0,0.0,1.0,0,Teenager,1
836,1,1,39.0,83.1583,1.0,0.0,0.0,2,Adult,4
837,0,3,21.0,8.6625,0.0,0.0,1.0,0,Adult,1
838,0,3,29.69911764705882,8.05,0.0,0.0,1.0,0,Adult,1
839,1,3,32.0,56.4958,0.0,0.0,1.0,0,Adult,4
840,1,1,29.69911764705882,29.7,1.0,0.0,0.0,0,Adult,3
841,0,3,20.0,7.925,0.0,0.0,1.0,0,Adult,1
842,0,2,16.0,10.5,0.0,0.0,1.0,0,Teenager,1
843,1,1,30.0,31.0,1.0,0.0,0.0,0,Adult,3
844,0,3,34.5,6.4375,1.0,0.0,0.0,0,Adult,0
845,0,3,17.0,8.6625,0.0,0.0,1.0,0,Teenager,1
846,0,3,42.0,7.55,0.0,0.0,1.0,0,Adult,0
847,0,3,29.69911764705882,69.55,0.0,0.0,1.0,10,Adult,4
848,0,3,35.0,7.8958,1.0,0.0,0.0,0,Adult,1
849,0,2,28.0,33.0,0.0,0.0,1.0,1,Adult,3
850,1,1,29.69911764705882,89.1042,1.0,0.0,0.0,1,Adult,4
851,0,3,4.0,31.275,0.0,0.0,1.0,6,Child,3
852,0,3,74.0,7.775,0.0,0.0,1.0,0,Elderly,0
853,0,3,9.0,15.2458,1.0,0.0,0.0,2,Child,2
854,1,1,16.0,39.4,0.0,0.0,1.0,1,Teenager,3
855,0,2,44.0,26.0,0.0,0.0,1.0,1,Adult,3
856,1,3,18.0,9.35,0.0,0.0,1.0,1,Teenager,1
857,1,1,45.0,164.8667,0.0,0.0,1.0,2,Adult,4
858,1,1,51.0,26.55,0.0,0.0,1.0,0,Adult,3
859,1,3,24.0,19.2583,1.0,0.0,0.0,3,Adult,2
860,0,3,29.69911764705882,7.2292,1.0,0.0,0.0,0,Adult,0
861,0,3,41.0,14.1083,0.0,0.0,1.0,2,Adult,2
862,0,2,21.0,11.5,0.0,0.0,1.0,1,Adult,2
863,1,1,48.0,25.9292,0.0,0.0,1.0,0,Adult,3
864,0,3,29.69911764705882,69.55,0.0,0.0,1.0,10,Adult,4
865,0,2,24.0,13.0,0.0,0.0,1.0,0,Adult,2
866,1,2,42.0,13.0,0.0,0.0,1.0,0,Adult,2
867,1,2,27.0,13.8583,1.0,0.0,0.0,1,Adult,2
868,0,1,31.0,50.4958,0.0,0.0,1.0,0,Adult,4
869,0,3,29.69911764705882,9.5,0.0,0.0,1.0,0,Adult,1
870,1,3,4.0,11.1333,0.0,0.0,1.0,2,Child,2
871,0,3,26.0,7.8958,0.0,0.0,1.0,0,Adult,1
872,1,1,47.0,52.5542,0.0,0.0,1.0,2,Adult,4
873,0,1,33.0,5.0,0.0,0.0,1.0,0,Adult,0
874,0,3,47.0,9.0,0.0,0.0,1.0,0,Adult,1
875,1,2,28.0,24.0,1.0,0.0,0.0,1,Adult,3
876,1,3,15.0,7.225,1.0,0.0,0.0,0,Teenager,0
877,0,3,20.0,9.8458,0.0,0.0,1.0,0,Adult,1
878,0,3,19.0,7.8958,0.0,0.0,1.0,0,Adult,1
879,0,3,29.69911764705882,7.8958,0.0,0.0,1.0,0,Adult,1
880,1,1,56.0,83.1583,1.0,0.0,0.0,1,Adult,4
881,1,2,25.0,26.0,0.0,0.0,1.0,1,Adult,3
882,0,3,33.0,7.8958,0.0,0.0,1.0,0,Adult,1
883,0,3,22.0,10.5167,0.0,0.0,1.0,0,Adult,2
884,0,2,28.0,10.5,0.0,0.0,1.0,0,Adult,1
885,0,3,25.0,7.05,0.0,0.0,1.0,0,Adult,0
886,0,3,39.0,29.125,0.0,1.0,0.0,5,Adult,3
887,0,2,27.0,13.0,0.0,0.0,1.0,0,Adult,2
888,1,1,19.0,30.0,0.0,0.0,1.0,0,Adult,3
889,0,3,29.69911764705882,23.45,0.0,0.0,1.0,3,Adult,3
890,1,1,26.0,30.0,1.0,0.0,0.0,0,Adult,3
891,0,3,32.0,7.75,0.0,1.0,0.0,0,Adult,0
